acc,precision,recall,f1_score
0.865979381443299,0.8659383295895446,0.865863617803185,0.8658972864672176
