acc,precision,recall,f1_score
0.8783505154639175,0.8782738095238095,0.8784282700421941,0.8783174080736176
