acc,precision,recall,f1_score
0.8680412371134021,0.8679733224445352,0.8679733224445352,0.8679733224445352
