acc,precision,recall,f1_score
0.8680412371134021,0.8679733224445352,0.8679733224445352,0.8679733224445352
0.8783505154639175,0.8782738095238095,0.8784282700421941,0.8783174080736176
0.865979381443299,0.8659383295895446,0.865863617803185,0.8658972864672176
0.8350515463917526,0.8366731750762169,0.8343823359303235,0.8346121057118501
0.8615702479338843,0.861577868852459,0.8615593463449618,0.8615649293267362
0.8618¡À0.0145,0.8621¡À0.0138,0.8616¡À0.0147,0.8617¡À0.0146
