acc,precision,recall,f1_score
0.8615702479338843,0.861577868852459,0.8615593463449618,0.8615649293267362
