acc,precision,recall,f1_score
0.8350515463917526,0.8366731750762169,0.8343823359303235,0.8346121057118501
